country,n_rows,date_min,date_max,n_columns,n_missing_cols,missing_cols,missing_vals
Afghanistan,1674,2020-01-05,2024-08-04,67,43,"new_cases_smoothed, new_deaths_smoothed, new_cases_smoothed_per_million, new_deaths_smoothed_per_million, reproduction_rate","[,  ,  , 5,  ,  ,  , 5,  ,  ,  , 5,  ,  ,  , 5,  , 6, 6, 4, ]"
Africa,1674,2020-01-05,2024-08-04,67,55,"continent, new_cases_smoothed, new_deaths_smoothed, new_cases_smoothed_per_million, new_deaths_smoothed_per_million","[, 1, 6, 7, 4,  ,  ,  ,  , 5,  ,  ,  ,  , 5,  ,  ,  ,  , 5,  ,  ,  ,  , 5, ]"
Albania,1674,2020-01-05,2024-08-04,67,41,"new_cases_smoothed, new_deaths_smoothed, new_cases_smoothed_per_million, new_deaths_smoothed_per_million, reproduction_rate","[,  ,  , 5,  ,  ,  , 5,  ,  ,  , 5,  ,  ,  , 5,  , 6, 5, 9, ]"
Algeria,1674,2020-01-05,2024-08-04,67,40,"new_cases_smoothed, new_deaths_smoothed, new_cases_smoothed_per_million, new_deaths_smoothed_per_million, reproduction_rate","[,  ,  , 5,  ,  ,  , 5,  ,  ,  , 5,  ,  ,  , 5,  , 6, 5, 7, ]"
American Samoa,1674,2020-01-05,2024-08-04,67,51,"new_cases_smoothed, new_deaths_smoothed, new_cases_smoothed_per_million, new_deaths_smoothed_per_million, reproduction_rate","[,  ,  ,  , 5,  ,  ,  ,  , 5,  ,  ,  ,  , 5,  ,  ,  ,  , 5,  , 1, 6, 7, 4, ]"
Andorra,1674,2020-01-05,2024-08-04,67,47,"new_cases_smoothed, new_deaths_smoothed, new_cases_smoothed_per_million, new_deaths_smoothed_per_million, reproduction_rate","[,  ,  , 5,  ,  ,  , 5,  ,  ,  , 5,  ,  ,  , 5,  , 6, 5, 8, ]"
Angola,1674,2020-01-05,2024-08-04,67,44,"new_cases_smoothed, new_deaths_smoothed, new_cases_smoothed_per_million, new_deaths_smoothed_per_million, reproduction_rate","[,  ,  , 5,  ,  ,  , 5,  ,  ,  , 5,  ,  ,  , 5,  , 7, 3, 8, ]"
Anguilla,1674,2020-01-05,2024-08-04,67,53,"new_cases_smoothed, new_deaths_smoothed, new_cases_smoothed_per_million, new_deaths_smoothed_per_million, reproduction_rate","[,  ,  ,  , 5,  ,  ,  ,  , 5,  ,  ,  ,  , 5,  ,  ,  ,  , 5,  , 1, 6, 7, 4, ]"
Antigua and Barbuda,1674,2020-01-05,2024-08-04,67,44,"new_cases_smoothed, new_deaths_smoothed, new_cases_smoothed_per_million, new_deaths_smoothed_per_million, reproduction_rate","[,  ,  , 5,  ,  ,  , 5,  ,  ,  , 5,  ,  ,  , 5,  , 8, 4, 7, ]"
Argentina,1678,2020-01-01,2024-08-04,67,49,"total_cases, new_cases, new_cases_smoothed, total_deaths, new_deaths","[, 4,  , 4,  , 9,  , 4,  , 4, ]"
Armenia,1674,2020-01-05,2024-08-04,67,40,"new_cases_smoothed, new_deaths_smoothed, new_cases_smoothed_per_million, new_deaths_smoothed_per_million, reproduction_rate","[,  ,  , 5,  ,  ,  , 5,  ,  ,  , 5,  ,  ,  , 5,  , 6, 5, 5, ]"
Aruba,1674,2020-01-05,2024-08-04,67,47,"new_cases_smoothed, new_deaths_smoothed, new_cases_smoothed_per_million, new_deaths_smoothed_per_million, reproduction_rate","[,  ,  ,  , 5,  ,  ,  ,  , 5,  ,  ,  ,  , 5,  ,  ,  ,  , 5,  , 1, 6, 7, 4, ]"
Asia,1684,2020-01-05,2024-08-14,67,63,"continent, total_cases, new_cases, new_cases_smoothed, total_deaths","[, 1, 6, 8, 4,  ,  ,  , 1, 0,  ,  ,  , 1, 0,  ,  ,  , 1, 5,  ,  ,  , 1, 0, ]"
Australia,1674,2020-01-05,2024-08-04,67,43,"new_cases_smoothed, new_deaths, new_deaths_smoothed, new_cases_smoothed_per_million, new_deaths_per_million","[, 5,  , 1,  , 6,  , 5,  , 1, ]"
Austria,1674,2020-01-05,2024-08-04,67,41,"new_cases_smoothed, new_deaths_smoothed, new_cases_smoothed_per_million, new_deaths_smoothed_per_million, reproduction_rate","[,  ,  , 5,  ,  ,  , 5,  ,  ,  , 5,  ,  ,  , 5,  , 6, 4, 6, ]"
Azerbaijan,1674,2020-01-05,2024-08-04,67,41,"new_cases_smoothed, new_deaths_smoothed, new_cases_smoothed_per_million, new_deaths_smoothed_per_million, reproduction_rate","[,  ,  , 5,  ,  ,  , 5,  ,  ,  , 5,  ,  ,  , 5,  , 6, 6, 2, ]"
Bahamas,1674,2020-01-05,2024-08-04,67,42,"new_cases_smoothed, new_deaths_smoothed, new_cases_smoothed_per_million, new_deaths_smoothed_per_million, reproduction_rate","[,  ,  , 5,  ,  ,  , 5,  ,  ,  , 5,  ,  ,  , 5,  , 7, 2, 0, ]"
Bahrain,1674,2020-01-05,2024-08-04,67,42,"new_cases_smoothed, new_deaths_smoothed, new_cases_smoothed_per_million, new_deaths_smoothed_per_million, reproduction_rate","[,  ,  , 5,  ,  ,  , 5,  ,  ,  , 5,  ,  ,  , 5,  , 6, 4, 6, ]"
Bangladesh,1674,2020-01-05,2024-08-04,67,40,"new_cases_smoothed, new_deaths_smoothed, new_cases_smoothed_per_million, new_deaths_smoothed_per_million, reproduction_rate","[,  ,  , 5,  ,  ,  , 5,  ,  ,  , 5,  ,  ,  , 5,  , 6, 7, 3, ]"
Barbados,1674,2020-01-05,2024-08-04,67,41,"new_cases_smoothed, new_deaths_smoothed, new_cases_smoothed_per_million, new_deaths_smoothed_per_million, reproduction_rate","[,  ,  , 5,  ,  ,  , 5,  ,  ,  , 5,  ,  ,  , 5,  , 7, 6, 9, ]"
Belarus,1674,2020-01-05,2024-08-04,67,42,"new_cases_smoothed, new_deaths_smoothed, new_cases_smoothed_per_million, new_deaths_smoothed_per_million, reproduction_rate","[,  ,  , 5,  ,  ,  , 5,  ,  ,  , 5,  ,  ,  , 5,  , 6, 6, 6, ]"
Belgium,1674,2020-01-05,2024-08-04,67,41,"new_cases_smoothed, new_deaths_smoothed, new_cases_smoothed_per_million, new_deaths_smoothed_per_million, reproduction_rate","[,  ,  , 5,  ,  ,  , 5,  ,  ,  , 5,  ,  ,  , 5,  , 6, 4, 2, ]"
Belize,1674,2020-01-05,2024-08-04,67,45,"new_cases, new_cases_smoothed, new_deaths_smoothed, new_cases_per_million, new_cases_smoothed_per_million","[, 1,  , 6,  , 5,  , 1,  , 6, ]"
Benin,1674,2020-01-05,2024-08-04,67,40,"new_cases_smoothed, new_deaths_smoothed, new_cases_smoothed_per_million, new_deaths_smoothed_per_million, reproduction_rate","[,  ,  , 5,  ,  ,  , 5,  ,  ,  , 5,  ,  ,  , 5,  , 7, 0, 4, ]"
Bermuda,1674,2020-01-05,2024-08-04,67,49,"new_cases_smoothed, new_deaths_smoothed, new_cases_smoothed_per_million, new_deaths_smoothed_per_million, reproduction_rate","[,  ,  ,  , 5,  ,  ,  ,  , 5,  ,  ,  ,  , 5,  ,  ,  ,  , 5,  , 1, 6, 7, 4, ]"
Bhutan,1674,2020-01-05,2024-08-04,67,42,"new_cases_smoothed, new_deaths_smoothed, new_cases_smoothed_per_million, new_deaths_smoothed_per_million, reproduction_rate","[,  ,  , 5,  ,  ,  , 5,  ,  ,  , 5,  ,  ,  , 5,  , 7, 8, 8, ]"
Bolivia,1674,2020-01-05,2024-08-04,67,42,"new_cases_smoothed, new_deaths_smoothed, new_cases_smoothed_per_million, new_deaths_smoothed_per_million, reproduction_rate","[,  ,  , 5,  ,  ,  , 5,  ,  ,  , 5,  ,  ,  , 5,  , 6, 6, 7, ]"
Bonaire Sint Eustatius and Saba,1674,2020-01-05,2024-08-04,67,55,"new_cases_smoothed, new_deaths, new_deaths_smoothed, new_cases_smoothed_per_million, new_deaths_per_million","[, 5,  , 1,  , 6,  , 5,  , 1, ]"
Bosnia and Herzegovina,1674,2020-01-05,2024-08-04,67,40,"new_cases_smoothed, new_deaths_smoothed, new_cases_smoothed_per_million, new_deaths_smoothed_per_million, reproduction_rate","[,  ,  , 5,  ,  ,  , 5,  ,  ,  , 5,  ,  ,  , 5,  , 6, 5, 8, ]"
Botswana,1674,2020-01-05,2024-08-04,67,42,"new_cases_smoothed, new_deaths_smoothed, new_cases_smoothed_per_million, new_deaths_smoothed_per_million, reproduction_rate","[,  ,  , 5,  ,  ,  , 5,  ,  ,  , 5,  ,  ,  , 5,  , 7, 5, 7, ]"
Brazil,1674,2020-01-05,2024-08-04,67,41,"new_cases_smoothed, new_deaths_smoothed, new_cases_smoothed_per_million, new_deaths_smoothed_per_million, reproduction_rate","[,  ,  , 5,  ,  ,  , 5,  ,  ,  , 5,  ,  ,  , 5,  , 6, 4, 9, ]"
British Virgin Islands,1674,2020-01-05,2024-08-04,67,51,"new_cases_smoothed, new_deaths_smoothed, new_cases_smoothed_per_million, new_deaths_smoothed_per_million, reproduction_rate","[,  ,  ,  , 5,  ,  ,  ,  , 5,  ,  ,  ,  , 5,  ,  ,  ,  , 5,  , 1, 6, 7, 4, ]"
Brunei,1674,2020-01-05,2024-08-04,67,42,"new_cases_smoothed, new_deaths_smoothed, new_cases_smoothed_per_million, new_deaths_smoothed_per_million, reproduction_rate","[,  ,  , 5,  ,  ,  , 5,  ,  ,  , 5,  ,  ,  , 5,  , 6, 6, 0, ]"
Bulgaria,1674,2020-01-05,2024-08-04,67,41,"new_cases_smoothed, new_deaths_smoothed, new_cases_smoothed_per_million, new_deaths_smoothed_per_million, reproduction_rate","[,  ,  , 5,  ,  ,  , 5,  ,  ,  , 5,  ,  ,  , 5,  , 6, 5, 6, ]"
Burkina Faso,1674,2020-01-05,2024-08-04,67,40,"new_cases_smoothed, new_deaths_smoothed, new_cases_smoothed_per_million, new_deaths_smoothed_per_million, reproduction_rate","[,  ,  , 5,  ,  ,  , 5,  ,  ,  , 5,  ,  ,  , 5,  , 6, 6, 0, ]"
Burundi,1674,2020-01-05,2024-08-04,67,44,"new_cases, new_cases_smoothed, new_deaths_smoothed, new_cases_per_million, new_cases_smoothed_per_million","[, 1,  , 6,  , 5,  , 1,  , 6, ]"
Cambodia,1674,2020-01-05,2024-08-04,67,41,"new_cases_smoothed, new_deaths_smoothed, new_cases_smoothed_per_million, new_deaths_smoothed_per_million, reproduction_rate","[,  ,  , 5,  ,  ,  , 5,  ,  ,  , 5,  ,  ,  , 5,  , 6, 6, 5, ]"
Cameroon,1674,2020-01-05,2024-08-04,67,42,"new_cases_smoothed, new_deaths_smoothed, new_cases_smoothed_per_million, new_deaths_smoothed_per_million, reproduction_rate","[,  ,  , 5,  ,  ,  , 5,  ,  ,  , 5,  ,  ,  , 5,  , 6, 6, 5, ]"
Canada,1674,2020-01-05,2024-08-04,67,43,"new_cases_smoothed, new_deaths, new_deaths_smoothed, new_cases_smoothed_per_million, new_deaths_per_million","[, 5,  , 1,  , 6,  , 5,  , 1, ]"
Cape Verde,1674,2020-01-05,2024-08-04,67,42,"new_cases_smoothed, new_deaths_smoothed, new_cases_smoothed_per_million, new_deaths_smoothed_per_million, reproduction_rate","[,  ,  , 5,  ,  ,  , 5,  ,  ,  , 5,  ,  ,  , 5,  , 6, 9, 3, ]"
Cayman Islands,1674,2020-01-05,2024-08-04,67,50,"new_cases_smoothed, new_deaths_smoothed, new_cases_smoothed_per_million, new_deaths_smoothed_per_million, reproduction_rate","[,  ,  ,  , 5,  ,  ,  ,  , 5,  ,  ,  ,  , 5,  ,  ,  ,  , 5,  , 1, 6, 7, 4, ]"
Central African Republic,1674,2020-01-05,2024-08-04,67,43,"new_cases_smoothed, new_deaths_smoothed, new_cases_smoothed_per_million, new_deaths_smoothed_per_million, reproduction_rate","[,  ,  , 5,  ,  ,  , 5,  ,  ,  , 5,  ,  ,  , 5,  , 7, 0, 5, ]"
Chad,1674,2020-01-05,2024-08-04,67,43,"new_cases_smoothed, new_deaths_smoothed, new_cases_smoothed_per_million, new_deaths_smoothed_per_million, reproduction_rate","[,  ,  , 5,  ,  ,  , 5,  ,  ,  , 5,  ,  ,  , 5,  , 6, 9, 9, ]"
Chile,1674,2020-01-05,2024-08-04,67,43,"new_cases_smoothed, new_deaths, new_deaths_smoothed, new_cases_smoothed_per_million, new_deaths_per_million","[, 5,  , 1,  , 6,  , 5,  , 1, ]"
China,1674,2020-01-05,2024-08-04,67,43,"new_cases_smoothed, new_deaths, new_deaths_smoothed, new_cases_smoothed_per_million, new_deaths_per_million","[, 5,  , 1,  , 6,  , 5,  , 1, ]"
Colombia,1674,2020-01-05,2024-08-04,67,40,"new_cases_smoothed, new_deaths_smoothed, new_cases_smoothed_per_million, new_deaths_smoothed_per_million, reproduction_rate","[,  ,  , 5,  ,  ,  , 5,  ,  ,  , 5,  ,  ,  , 5,  , 6, 5, 4, ]"
Comoros,1674,2020-01-05,2024-08-04,67,40,"new_cases_smoothed, new_deaths_smoothed, new_cases_smoothed_per_million, new_deaths_smoothed_per_million, reproduction_rate","[,  ,  , 5,  ,  ,  , 5,  ,  ,  , 5,  ,  ,  , 5,  , 7, 2, 7, ]"
Congo,1674,2020-01-05,2024-08-04,67,41,"new_cases_smoothed, new_deaths_smoothed, new_cases_smoothed_per_million, new_deaths_smoothed_per_million, reproduction_rate","[,  ,  , 5,  ,  ,  , 5,  ,  ,  , 5,  ,  ,  , 5,  , 6, 8, 2, ]"
Cook Islands,1674,2020-01-05,2024-08-04,67,53,"new_cases_smoothed, new_deaths_smoothed, new_cases_smoothed_per_million, new_deaths_smoothed_per_million, reproduction_rate","[,  ,  ,  , 5,  ,  ,  ,  , 5,  ,  ,  ,  , 5,  ,  ,  ,  , 5,  , 1, 6, 7, 4, ]"
Costa Rica,1674,2020-01-05,2024-08-04,67,40,"new_cases_smoothed, new_deaths_smoothed, new_cases_smoothed_per_million, new_deaths_smoothed_per_million, reproduction_rate","[,  ,  , 5,  ,  ,  , 5,  ,  ,  , 5,  ,  ,  , 5,  , 6, 5, 7, ]"
Cote d'Ivoire,1674,2020-01-05,2024-08-04,67,43,"new_cases_smoothed, new_deaths_smoothed, new_cases_smoothed_per_million, new_deaths_smoothed_per_million, reproduction_rate","[,  ,  , 5,  ,  ,  , 5,  ,  ,  , 5,  ,  ,  , 5,  , 6, 6, 3, ]"
Croatia,1674,2020-01-05,2024-08-04,67,41,"new_cases_smoothed, new_deaths_smoothed, new_cases_smoothed_per_million, new_deaths_smoothed_per_million, reproduction_rate","[,  ,  , 5,  ,  ,  , 5,  ,  ,  , 5,  ,  ,  , 5,  , 6, 5, 5, ]"
Cuba,1674,2020-01-05,2024-08-04,67,42,"new_cases_smoothed, new_deaths_smoothed, new_cases_smoothed_per_million, new_deaths_smoothed_per_million, reproduction_rate","[,  ,  , 5,  ,  ,  , 5,  ,  ,  , 5,  ,  ,  , 5,  , 6, 6, 4, ]"
Curacao,1674,2020-01-05,2024-08-04,67,48,"new_cases_smoothed, new_deaths_smoothed, new_cases_smoothed_per_million, new_deaths_smoothed_per_million, reproduction_rate","[,  ,  ,  , 5,  ,  ,  ,  , 5,  ,  ,  ,  , 5,  ,  ,  ,  , 5,  , 1, 6, 7, 4, ]"
Cyprus,1674,2020-01-05,2024-08-04,67,42,"new_cases_smoothed, new_deaths_smoothed, new_cases_smoothed_per_million, new_deaths_smoothed_per_million, reproduction_rate","[,  ,  , 5,  ,  ,  , 5,  ,  ,  , 5,  ,  ,  , 5,  , 6, 6, 0, ]"
Czechia,1682,2020-01-05,2024-08-12,67,50,"total_cases, new_cases, new_cases_smoothed, total_deaths, new_deaths","[,  , 8,  ,  , 8,  , 1, 3,  ,  , 8,  ,  , 8, ]"
Democratic Republic of Congo,1674,2020-01-05,2024-08-04,67,43,"new_cases_smoothed, new_deaths_smoothed, new_cases_smoothed_per_million, new_deaths_smoothed_per_million, reproduction_rate","[,  ,  , 5,  ,  ,  , 5,  ,  ,  , 5,  ,  ,  , 5,  , 6, 6, 8, ]"
Denmark,1674,2020-01-05,2024-08-04,67,41,"new_cases_smoothed, new_deaths_smoothed, new_cases_smoothed_per_million, new_deaths_smoothed_per_million, reproduction_rate","[,  ,  , 5,  ,  ,  , 5,  ,  ,  , 5,  ,  ,  , 5,  , 6, 4, 6, ]"
Djibouti,1674,2020-01-05,2024-08-04,67,41,"new_cases_smoothed, new_deaths_smoothed, new_cases_smoothed_per_million, new_deaths_smoothed_per_million, reproduction_rate","[,  ,  , 5,  ,  ,  , 5,  ,  ,  , 5,  ,  ,  , 5,  , 6, 7, 5, ]"
Dominica,1674,2020-01-05,2024-08-04,67,47,"new_cases_smoothed, new_deaths_smoothed, new_cases_smoothed_per_million, new_deaths_smoothed_per_million, reproduction_rate","[,  ,  , 5,  ,  ,  , 5,  ,  ,  , 5,  ,  ,  , 5,  , 9, 4, 8, ]"
Dominican Republic,1674,2020-01-05,2024-08-04,67,40,"new_cases_smoothed, new_deaths_smoothed, new_cases_smoothed_per_million, new_deaths_smoothed_per_million, reproduction_rate","[,  ,  , 5,  ,  ,  , 5,  ,  ,  , 5,  ,  ,  , 5,  , 6, 5, 7, ]"
East Timor,2688,2020-01-05,2024-08-04,67,48,"total_cases, new_cases, new_cases_smoothed, total_deaths, new_deaths","[, 1, 0, 1, 4,  , 1, 0, 1, 4,  , 1, 0, 1, 9,  , 1, 0, 1, 4,  , 1, 0, 1, 4, ]"
Ecuador,1674,2020-01-05,2024-08-04,67,42,"new_cases, new_cases_smoothed, new_deaths_smoothed, new_cases_per_million, new_cases_smoothed_per_million","[, 1,  , 6,  , 5,  , 1,  , 6, ]"
Egypt,1674,2020-01-05,2024-08-04,67,40,"new_cases_smoothed, new_deaths_smoothed, new_cases_smoothed_per_million, new_deaths_smoothed_per_million, reproduction_rate","[,  ,  , 5,  ,  ,  , 5,  ,  ,  , 5,  ,  ,  , 5,  , 6, 5, 0, ]"
El Salvador,1674,2020-01-05,2024-08-04,67,40,"new_cases_smoothed, new_deaths_smoothed, new_cases_smoothed_per_million, new_deaths_smoothed_per_million, reproduction_rate","[,  ,  , 5,  ,  ,  , 5,  ,  ,  , 5,  ,  ,  , 5,  , 6, 7, 6, ]"
England,1359,2020-03-20,2023-12-08,67,60,"total_cases, new_cases, new_cases_smoothed, total_deaths, new_deaths","[, 1, 3, 5, 9,  , 1, 3, 5, 9,  , 1, 3, 5, 9,  , 1, 3, 5, 9,  , 1, 3, 5, 9, ]"
Equatorial Guinea,1674,2020-01-05,2024-08-04,67,45,"new_cases, new_cases_smoothed, new_deaths_smoothed, new_cases_per_million, new_cases_smoothed_per_million","[, 1,  , 6,  , 5,  , 1,  , 6, ]"
Eritrea,1674,2020-01-05,2024-08-04,67,42,"new_cases_smoothed, new_deaths_smoothed, new_cases_smoothed_per_million, new_deaths_smoothed_per_million, reproduction_rate","[,  ,  , 5,  ,  ,  , 5,  ,  ,  , 5,  ,  ,  , 5,  , 7, 4, 3, ]"
Estonia,1682,2020-01-05,2024-08-12,67,49,"total_cases, new_cases, new_cases_smoothed, total_deaths, new_deaths","[,  , 8,  ,  , 8,  , 1, 3,  ,  , 8,  ,  , 8, ]"
Eswatini,1674,2020-01-05,2024-08-04,67,41,"new_cases_smoothed, new_deaths_smoothed, new_cases_smoothed_per_million, new_deaths_smoothed_per_million, reproduction_rate","[,  ,  , 5,  ,  ,  , 5,  ,  ,  , 5,  ,  ,  , 5,  , 6, 9, 7, ]"
Ethiopia,1674,2020-01-05,2024-08-04,67,40,"new_cases_smoothed, new_deaths_smoothed, new_cases_smoothed_per_million, new_deaths_smoothed_per_million, reproduction_rate","[,  ,  , 5,  ,  ,  , 5,  ,  ,  , 5,  ,  ,  , 5,  , 6, 8, 5, ]"
Europe,1684,2020-01-05,2024-08-14,67,63,"continent, total_cases, new_cases, new_cases_smoothed, total_deaths","[, 1, 6, 8, 4,  ,  ,  , 1, 0,  ,  ,  , 1, 0,  ,  ,  , 1, 5,  ,  ,  , 1, 0, ]"
European Union (27),3024,2020-01-05,2024-08-14,67,63,"continent, total_cases, new_cases, new_cases_smoothed, total_deaths","[, 3, 0, 2, 4,  , 1, 3, 5, 0,  , 1, 3, 5, 0,  , 1, 3, 5, 5,  , 1, 3, 5, 0, ]"
Faroe Islands,2068,2020-01-05,2024-08-04,67,60,"total_cases, new_cases, new_cases_smoothed, total_deaths, new_deaths","[, 3, 9, 4,  , 3, 9, 4,  , 3, 9, 9,  , 3, 9, 4,  , 3, 9, 4, ]"
Falkland Islands,1674,2020-01-05,2024-08-04,67,53,"new_cases_smoothed, new_deaths_smoothed, new_cases_smoothed_per_million, new_deaths_smoothed_per_million, reproduction_rate","[,  ,  ,  , 5,  ,  ,  ,  , 5,  ,  ,  ,  , 5,  ,  ,  ,  , 5,  , 1, 6, 7, 4, ]"
Fiji,1674,2020-01-05,2024-08-04,67,43,"new_cases, new_cases_smoothed, new_deaths_smoothed, new_cases_per_million, new_cases_smoothed_per_million","[, 1,  , 6,  , 5,  , 1,  , 6, ]"
Finland,1674,2020-01-05,2024-08-04,67,42,"new_cases_smoothed, new_deaths_smoothed, new_cases_smoothed_per_million, new_deaths_smoothed_per_million, reproduction_rate","[,  ,  , 5,  ,  ,  , 5,  ,  ,  , 5,  ,  ,  , 5,  , 6, 4, 7, ]"
France,1674,2020-01-05,2024-08-04,67,46,"new_cases, new_cases_smoothed, new_deaths, new_deaths_smoothed, new_cases_per_million","[, 4, 0, 0,  , 4, 0, 5,  , 4, 0, 0,  , 4, 0, 5,  , 4, 0, 0, ]"
French Guiana,1674,2020-01-05,2024-08-04,67,51,"new_cases_smoothed, new_deaths_smoothed, new_cases_smoothed_per_million, new_deaths_smoothed_per_million, reproduction_rate","[,  ,  ,  , 5,  ,  ,  ,  , 5,  ,  ,  ,  , 5,  ,  ,  ,  , 5,  , 1, 6, 7, 4, ]"
French Polynesia,1674,2020-01-05,2024-08-04,67,48,"new_cases_smoothed, new_deaths_smoothed, new_cases_smoothed_per_million, new_deaths_smoothed_per_million, reproduction_rate","[,  ,  ,  , 5,  ,  ,  ,  , 5,  ,  ,  ,  , 5,  ,  ,  ,  , 5,  , 1, 6, 7, 4, ]"
Gabon,1674,2020-01-05,2024-08-04,67,43,"new_cases_smoothed, new_deaths_smoothed, new_cases_smoothed_per_million, new_deaths_smoothed_per_million, reproduction_rate","[,  ,  , 5,  ,  ,  , 5,  ,  ,  , 5,  ,  ,  , 5,  , 6, 8, 4, ]"
Gambia,1674,2020-01-05,2024-08-04,67,40,"new_cases_smoothed, new_deaths_smoothed, new_cases_smoothed_per_million, new_deaths_smoothed_per_million, reproduction_rate","[,  ,  , 5,  ,  ,  , 5,  ,  ,  , 5,  ,  ,  , 5,  , 7, 7, 8, ]"
Georgia,1674,2020-01-05,2024-08-04,67,41,"new_cases_smoothed, new_deaths_smoothed, new_cases_smoothed_per_million, new_deaths_smoothed_per_million, reproduction_rate","[,  ,  , 5,  ,  ,  , 5,  ,  ,  , 5,  ,  ,  , 5,  , 6, 6, 6, ]"
Germany,1674,2020-01-05,2024-08-04,67,46,"new_cases, new_cases_smoothed, new_deaths, new_deaths_smoothed, new_cases_per_million","[, 3, 9, 2,  , 3, 9, 7,  , 3, 9, 2,  , 3, 9, 7,  , 3, 9, 2, ]"
Ghana,1674,2020-01-05,2024-08-04,67,40,"new_cases_smoothed, new_deaths_smoothed, new_cases_smoothed_per_million, new_deaths_smoothed_per_million, reproduction_rate","[,  ,  , 5,  ,  ,  , 5,  ,  ,  , 5,  ,  ,  , 5,  , 6, 6, 2, ]"
Gibraltar,1674,2020-01-05,2024-08-04,67,52,"new_cases_smoothed, new_deaths_smoothed, new_cases_smoothed_per_million, new_deaths_smoothed_per_million, reproduction_rate","[,  ,  ,  , 5,  ,  ,  ,  , 5,  ,  ,  ,  , 5,  ,  ,  ,  , 5,  , 1, 6, 7, 4, ]"
Greece,1674,2020-01-05,2024-08-04,67,41,"new_cases_smoothed, new_deaths_smoothed, new_cases_smoothed_per_million, new_deaths_smoothed_per_million, reproduction_rate","[,  ,  , 5,  ,  ,  , 5,  ,  ,  , 5,  ,  ,  , 5,  , 6, 4, 9, ]"
Greenland,1674,2020-01-05,2024-08-04,67,50,"new_cases_smoothed, new_deaths_smoothed, new_cases_smoothed_per_million, new_deaths_smoothed_per_million, reproduction_rate","[,  ,  ,  , 5,  ,  ,  ,  , 5,  ,  ,  ,  , 5,  ,  ,  ,  , 5,  , 1, 6, 7, 4, ]"
Grenada,1674,2020-01-05,2024-08-04,67,44,"new_cases_smoothed, new_deaths_smoothed, new_cases_smoothed_per_million, new_deaths_smoothed_per_million, reproduction_rate","[,  ,  , 5,  ,  ,  , 5,  ,  ,  , 5,  ,  ,  , 5,  , 9, 3, 1, ]"
Guadeloupe,1674,2020-01-05,2024-08-04,67,54,"new_cases_smoothed, new_deaths, new_deaths_smoothed, new_cases_smoothed_per_million, new_deaths_per_million","[, 5,  , 1,  , 6,  , 5,  , 1, ]"
Guam,1674,2020-01-05,2024-08-04,67,47,"new_cases_smoothed, new_deaths_smoothed, new_cases_smoothed_per_million, new_deaths_smoothed_per_million, reproduction_rate","[,  ,  ,  , 5,  ,  ,  ,  , 5,  ,  ,  ,  , 5,  ,  ,  ,  , 5,  , 1, 6, 7, 4, ]"
Guatemala,1674,2020-01-05,2024-08-04,67,44,"new_cases, new_cases_smoothed, new_deaths_smoothed, new_cases_per_million, new_cases_smoothed_per_million","[, 1,  , 6,  , 5,  , 1,  , 6, ]"
Guernsey,1674,2020-01-05,2024-08-04,67,54,"new_cases_smoothed, new_deaths_smoothed, new_cases_smoothed_per_million, new_deaths_smoothed_per_million, reproduction_rate","[,  ,  ,  , 5,  ,  ,  ,  , 5,  ,  ,  ,  , 5,  ,  ,  ,  , 5,  , 1, 6, 7, 4, ]"
Guinea,1674,2020-01-05,2024-08-04,67,42,"new_cases_smoothed, new_deaths_smoothed, new_cases_smoothed_per_million, new_deaths_smoothed_per_million, reproduction_rate","[,  ,  , 5,  ,  ,  , 5,  ,  ,  , 5,  ,  ,  , 5,  , 6, 7, 1, ]"
Guinea-Bissau,1674,2020-01-05,2024-08-04,67,43,"new_cases_smoothed, new_deaths_smoothed, new_cases_smoothed_per_million, new_deaths_smoothed_per_million, reproduction_rate","[,  ,  , 5,  ,  ,  , 5,  ,  ,  , 5,  ,  ,  , 5,  , 6, 9, 6, ]"
Guyana,1674,2020-01-05,2024-08-04,67,43,"new_cases_smoothed, new_deaths_smoothed, new_cases_smoothed_per_million, new_deaths_smoothed_per_million, reproduction_rate","[,  ,  , 5,  ,  ,  , 5,  ,  ,  , 5,  ,  ,  , 5,  , 7, 0, 7, ]"
Haiti,1674,2020-01-05,2024-08-04,67,40,"new_cases_smoothed, new_deaths_smoothed, new_cases_smoothed_per_million, new_deaths_smoothed_per_million, reproduction_rate","[,  ,  , 5,  ,  ,  , 5,  ,  ,  , 5,  ,  ,  , 5,  , 7, 0, 3, ]"
High-income countries,3026,2020-01-05,2024-08-14,67,63,"continent, total_cases, new_cases, new_cases_smoothed, total_deaths","[, 3, 0, 2, 6,  , 1, 3, 5, 2,  , 1, 3, 5, 2,  , 1, 3, 5, 7,  , 1, 3, 5, 2, ]"
Honduras,1674,2020-01-05,2024-08-04,67,41,"new_cases_smoothed, new_deaths_smoothed, new_cases_smoothed_per_million, new_deaths_smoothed_per_million, reproduction_rate","[,  ,  , 5,  ,  ,  , 5,  ,  ,  , 5,  ,  ,  , 5,  , 6, 6, 5, ]"
Hong Kong,1654,2020-01-31,2024-08-10,67,54,"total_cases, new_cases, new_cases_smoothed, total_deaths, new_deaths","[, 1, 6, 5, 4,  , 1, 6, 5, 4,  , 1, 6, 5, 4,  , 1, 6, 5, 4,  , 1, 6, 5, 4, ]"
Hungary,1674,2020-01-05,2024-08-04,67,41,"new_cases_smoothed, new_deaths_smoothed, new_cases_smoothed_per_million, new_deaths_smoothed_per_million, reproduction_rate","[,  ,  , 5,  ,  ,  , 5,  ,  ,  , 5,  ,  ,  , 5,  , 6, 5, 7, ]"
Iceland,1674,2020-01-05,2024-08-04,67,41,"new_cases_smoothed, new_deaths_smoothed, new_cases_smoothed_per_million, new_deaths_smoothed_per_million, reproduction_rate","[,  ,  , 5,  ,  ,  , 5,  ,  ,  , 5,  ,  ,  , 5,  , 6, 4, 8, ]"
India,1682,2020-01-05,2024-08-12,67,48,"total_cases, new_cases, new_cases_smoothed, total_deaths, new_deaths","[,  , 8,  ,  , 8,  , 1, 3,  ,  , 8,  ,  , 8, ]"
Indonesia,1674,2020-01-05,2024-08-04,67,42,"new_cases_smoothed, new_deaths, new_deaths_smoothed, new_cases_smoothed_per_million, new_deaths_per_million","[, 5,  , 1,  , 6,  , 5,  , 1, ]"
Iran,1674,2020-01-05,2024-08-04,67,41,"new_cases_smoothed, new_deaths_smoothed, new_cases_smoothed_per_million, new_deaths_smoothed_per_million, reproduction_rate","[,  ,  , 5,  ,  ,  , 5,  ,  ,  , 5,  ,  ,  , 5,  , 6, 3, 3, ]"
Iraq,1674,2020-01-05,2024-08-04,67,42,"new_cases_smoothed, new_deaths_smoothed, new_cases_smoothed_per_million, new_deaths_smoothed_per_million, reproduction_rate","[,  ,  , 5,  ,  ,  , 5,  ,  ,  , 5,  ,  ,  , 5,  , 6, 4, 9, ]"
Ireland,1674,2020-01-05,2024-08-04,67,41,"new_cases_smoothed, new_deaths_smoothed, new_cases_smoothed_per_million, new_deaths_smoothed_per_million, reproduction_rate","[,  ,  , 5,  ,  ,  , 5,  ,  ,  , 5,  ,  ,  , 5,  , 6, 5, 0, ]"
Isle of Man,1674,2020-01-05,2024-08-04,67,52,"new_cases_smoothed, new_deaths_smoothed, new_cases_smoothed_per_million, new_deaths_smoothed_per_million, reproduction_rate","[,  ,  ,  , 5,  ,  ,  ,  , 5,  ,  ,  ,  , 5,  ,  ,  ,  , 5,  , 1, 6, 7, 4, ]"
Israel,1674,2020-01-05,2024-08-04,67,41,"new_cases_smoothed, new_deaths_smoothed, new_cases_smoothed_per_million, new_deaths_smoothed_per_million, reproduction_rate","[,  ,  , 5,  ,  ,  , 5,  ,  ,  , 5,  ,  ,  , 5,  , 6, 4, 9, ]"
Italy,1677,2020-01-05,2024-08-07,67,49,"total_cases, new_cases, new_cases_smoothed, total_deaths, new_deaths","[, 3,  , 3,  , 8,  , 3,  , 3, ]"
Jamaica,1674,2020-01-05,2024-08-04,67,41,"new_cases_smoothed, new_deaths_smoothed, new_cases_smoothed_per_million, new_deaths_smoothed_per_million, reproduction_rate","[,  ,  , 5,  ,  ,  , 5,  ,  ,  , 5,  ,  ,  , 5,  , 6, 8, 2, ]"
Japan,1674,2020-01-05,2024-08-04,67,42,"new_cases_smoothed, new_deaths_smoothed, new_cases_smoothed_per_million, new_deaths_smoothed_per_million, reproduction_rate","[,  ,  , 5,  ,  ,  , 5,  ,  ,  , 5,  ,  ,  , 5,  , 6, 2, 8, ]"
Jersey,1674,2020-01-05,2024-08-04,67,54,"new_cases_smoothed, new_deaths_smoothed, new_cases_smoothed_per_million, new_deaths_smoothed_per_million, reproduction_rate","[,  ,  ,  , 5,  ,  ,  ,  , 5,  ,  ,  ,  , 5,  ,  ,  ,  , 5,  , 1, 6, 7, 4, ]"
Jordan,1674,2020-01-05,2024-08-04,67,43,"new_cases_smoothed, new_deaths_smoothed, new_cases_smoothed_per_million, new_deaths_smoothed_per_million, reproduction_rate","[,  ,  , 5,  ,  ,  , 5,  ,  ,  , 5,  ,  ,  , 5,  , 6, 5, 8, ]"
Kazakhstan,1674,2020-01-05,2024-08-04,67,40,"new_cases_smoothed, new_deaths_smoothed, new_cases_smoothed_per_million, new_deaths_smoothed_per_million, reproduction_rate","[,  ,  , 5,  ,  ,  , 5,  ,  ,  , 5,  ,  ,  , 5,  , 6, 6, 2, ]"
Kenya,1674,2020-01-05,2024-08-04,67,40,"new_cases_smoothed, new_deaths_smoothed, new_cases_smoothed_per_million, new_deaths_smoothed_per_million, reproduction_rate","[,  ,  , 5,  ,  ,  , 5,  ,  ,  , 5,  ,  ,  , 5,  , 6, 6, 9, ]"
Kiribati,1674,2020-01-05,2024-08-04,67,42,"new_cases_smoothed, new_deaths_smoothed, new_cases_smoothed_per_million, new_deaths_smoothed_per_million, reproduction_rate","[,  ,  ,  , 5,  ,  ,  ,  , 5,  ,  ,  ,  , 5,  ,  ,  ,  , 5,  , 1, 3, 3, 3, ]"
Kosovo,1674,2020-01-05,2024-08-04,67,51,"new_cases_smoothed, new_deaths_smoothed, new_cases_smoothed_per_million, new_deaths_smoothed_per_million, reproduction_rate","[,  ,  , 5,  ,  ,  , 5,  ,  ,  , 5,  ,  ,  , 5,  , 6, 6, 7, ]"
Kuwait,1674,2020-01-05,2024-08-04,67,42,"new_cases_smoothed, new_deaths_smoothed, new_cases_smoothed_per_million, new_deaths_smoothed_per_million, reproduction_rate","[,  ,  , 5,  ,  ,  , 5,  ,  ,  , 5,  ,  ,  , 5,  , 6, 5, 0, ]"
Kyrgyzstan,1674,2020-01-05,2024-08-04,67,40,"new_cases_smoothed, new_deaths_smoothed, new_cases_smoothed_per_million, new_deaths_smoothed_per_million, reproduction_rate","[,  ,  , 5,  ,  ,  , 5,  ,  ,  , 5,  ,  ,  , 5,  , 6, 6, 7, ]"
Laos,1674,2020-01-05,2024-08-04,67,40,"new_cases_smoothed, new_deaths_smoothed, new_cases_smoothed_per_million, new_deaths_smoothed_per_million, reproduction_rate","[,  ,  ,  , 5,  ,  ,  ,  , 5,  ,  ,  ,  , 5,  ,  ,  ,  , 5,  , 1, 0, 5, 5, ]"
Latvia,1674,2020-01-05,2024-08-04,67,41,"new_cases_smoothed, new_deaths_smoothed, new_cases_smoothed_per_million, new_deaths_smoothed_per_million, reproduction_rate","[,  ,  , 5,  ,  ,  , 5,  ,  ,  , 5,  ,  ,  , 5,  , 6, 5, 6, ]"
Lebanon,1674,2020-01-05,2024-08-04,67,42,"new_cases_smoothed, new_deaths_smoothed, new_cases_smoothed_per_million, new_deaths_smoothed_per_million, reproduction_rate","[,  ,  , 5,  ,  ,  , 5,  ,  ,  , 5,  ,  ,  , 5,  , 6, 5, 1, ]"
Lesotho,1674,2020-01-05,2024-08-04,67,41,"new_cases_smoothed, new_deaths_smoothed, new_cases_smoothed_per_million, new_deaths_smoothed_per_million, reproduction_rate","[,  ,  , 5,  ,  ,  , 5,  ,  ,  , 5,  ,  ,  , 5,  , 7, 6, 7, ]"
Liberia,1674,2020-01-05,2024-08-04,67,42,"new_cases, new_cases_smoothed, new_deaths_smoothed, new_cases_per_million, new_cases_smoothed_per_million","[, 1,  , 6,  , 5,  , 1,  , 6, ]"
Libya,1674,2020-01-05,2024-08-04,67,44,"new_cases_smoothed, new_deaths_smoothed, new_cases_smoothed_per_million, new_deaths_smoothed_per_million, reproduction_rate","[,  ,  , 5,  ,  ,  , 5,  ,  ,  , 5,  ,  ,  , 5,  , 7, 2, 5, ]"
Liechtenstein,1674,2020-01-05,2024-08-04,67,49,"new_cases_smoothed, new_deaths_smoothed, new_cases_smoothed_per_million, new_deaths_smoothed_per_million, reproduction_rate","[,  ,  , 5,  ,  ,  , 5,  ,  ,  , 5,  ,  ,  , 5,  , 8, 1, 0, ]"
Lithuania,1684,2020-01-05,2024-08-14,67,49,"total_cases, new_cases, new_cases_smoothed, total_deaths, new_deaths","[, 1, 0,  , 1, 0,  , 1, 5,  , 1, 0,  , 1, 0, ]"
Low-income countries,2724,2020-01-05,2024-08-04,67,63,"continent, total_cases, new_cases, new_cases_smoothed, total_deaths","[, 2, 7, 2, 4,  , 1, 0, 5, 0,  , 1, 0, 5, 0,  , 1, 0, 5, 5,  , 1, 0, 5, 0, ]"
Lower-middle-income countries,2983,2020-01-05,2024-08-12,67,63,"continent, total_cases, new_cases, new_cases_smoothed, total_deaths","[, 2, 9, 8, 3,  , 1, 3, 0, 9,  , 1, 3, 0, 9,  , 1, 3, 1, 4,  , 1, 3, 0, 9, ]"
Luxembourg,1674,2020-01-05,2024-08-04,67,41,"new_cases_smoothed, new_deaths_smoothed, new_cases_smoothed_per_million, new_deaths_smoothed_per_million, reproduction_rate","[,  ,  , 5,  ,  ,  , 5,  ,  ,  , 5,  ,  ,  , 5,  , 6, 5, 3, ]"
Macao,795,2021-02-08,2023-04-13,67,56,"total_cases, new_cases, new_cases_smoothed, total_deaths, new_deaths","[, 7, 9, 5,  , 7, 9, 5,  , 7, 9, 5,  , 7, 9, 5,  , 7, 9, 5, ]"
Madagascar,1674,2020-01-05,2024-08-04,67,42,"new_cases_smoothed, new_deaths_smoothed, new_cases_smoothed_per_million, new_deaths_smoothed_per_million, reproduction_rate","[,  ,  , 5,  ,  ,  , 5,  ,  ,  , 5,  ,  ,  , 5,  , 6, 7, 8, ]"
Malawi,1674,2020-01-05,2024-08-04,67,42,"new_cases, new_cases_smoothed, new_deaths_smoothed, new_cases_per_million, new_cases_smoothed_per_million","[, 1,  , 6,  , 5,  , 1,  , 6, ]"
Malaysia,1684,2020-01-05,2024-08-14,67,49,"total_cases, new_cases, new_cases_smoothed, total_deaths, new_deaths","[, 1, 0,  , 1, 0,  , 1, 5,  , 1, 0,  , 1, 0, ]"
Maldives,1674,2020-01-05,2024-08-04,67,44,"new_cases, new_cases_smoothed, new_deaths_smoothed, new_cases_per_million, new_cases_smoothed_per_million","[, 1,  , 6,  , 5,  , 1,  , 6, ]"
Mali,1674,2020-01-05,2024-08-04,67,41,"new_cases_smoothed, new_deaths_smoothed, new_cases_smoothed_per_million, new_deaths_smoothed_per_million, reproduction_rate","[,  ,  , 5,  ,  ,  , 5,  ,  ,  , 5,  ,  ,  , 5,  , 6, 7, 9, ]"
Malta,1674,2020-01-05,2024-08-04,67,41,"new_cases_smoothed, new_deaths_smoothed, new_cases_smoothed_per_million, new_deaths_smoothed_per_million, reproduction_rate","[,  ,  , 5,  ,  ,  , 5,  ,  ,  , 5,  ,  ,  , 5,  , 6, 5, 9, ]"
Marshall Islands,1674,2020-01-05,2024-08-04,67,46,"new_cases_smoothed, new_deaths_smoothed, new_cases_smoothed_per_million, new_deaths_smoothed_per_million, reproduction_rate","[,  ,  ,  , 5,  ,  ,  ,  , 5,  ,  ,  ,  , 5,  ,  ,  ,  , 5,  , 1, 5, 2, 8, ]"
Martinique,1674,2020-01-05,2024-08-04,67,51,"new_cases_smoothed, new_deaths_smoothed, new_cases_smoothed_per_million, new_deaths_smoothed_per_million, reproduction_rate","[,  ,  ,  , 5,  ,  ,  ,  , 5,  ,  ,  ,  , 5,  ,  ,  ,  , 5,  , 1, 6, 7, 4, ]"
Mauritania,1674,2020-01-05,2024-08-04,67,45,"new_cases, new_cases_smoothed, new_deaths_smoothed, new_cases_per_million, new_cases_smoothed_per_million","[, 1,  , 6,  , 5,  , 1,  , 6, ]"
Mauritius,1674,2020-01-05,2024-08-04,67,41,"new_cases_smoothed, new_deaths_smoothed, new_cases_smoothed_per_million, new_deaths_smoothed_per_million, reproduction_rate","[,  ,  , 5,  ,  ,  , 5,  ,  ,  , 5,  ,  ,  , 5,  , 6, 6, 5, ]"
Mayotte,1674,2020-01-05,2024-08-04,67,53,"new_cases, new_cases_smoothed, new_deaths_smoothed, new_cases_per_million, new_cases_smoothed_per_million","[, 1,  , 6,  , 5,  , 1,  , 6, ]"
Mexico,1678,2020-01-01,2024-08-04,67,48,"total_cases, new_cases, new_cases_smoothed, total_deaths, new_deaths","[, 4,  , 4,  , 9,  , 4,  , 4, ]"
Micronesia (country),1674,2020-01-05,2024-08-04,67,46,"new_cases, new_cases_smoothed, new_deaths_smoothed, new_cases_per_million, new_cases_smoothed_per_million","[, 1,  , 6,  , 5,  , 1,  , 6, ]"
Moldova,1674,2020-01-05,2024-08-04,67,40,"new_cases_smoothed, new_deaths_smoothed, new_cases_smoothed_per_million, new_deaths_smoothed_per_million, reproduction_rate","[,  ,  , 5,  ,  ,  , 5,  ,  ,  , 5,  ,  ,  , 5,  , 6, 5, 9, ]"
Monaco,1674,2020-01-05,2024-08-04,67,50,"new_cases_smoothed, new_deaths_smoothed, new_cases_smoothed_per_million, new_deaths_smoothed_per_million, reproduction_rate","[,  ,  , 5,  ,  ,  , 5,  ,  ,  , 5,  ,  ,  , 5,  , 7, 4, 9, ]"
Mongolia,1674,2020-01-05,2024-08-04,67,40,"new_cases_smoothed, new_deaths_smoothed, new_cases_smoothed_per_million, new_deaths_smoothed_per_million, reproduction_rate","[,  ,  , 5,  ,  ,  , 5,  ,  ,  , 5,  ,  ,  , 5,  , 7, 1, 3, ]"
Montenegro,1674,2020-01-05,2024-08-04,67,41,"new_cases_smoothed, new_deaths_smoothed, new_cases_smoothed_per_million, new_deaths_smoothed_per_million, reproduction_rate","[,  ,  , 5,  ,  ,  , 5,  ,  ,  , 5,  ,  ,  , 5,  , 6, 6, 7, ]"
Montserrat,1674,2020-01-05,2024-08-04,67,53,"new_cases_smoothed, new_deaths_smoothed, new_cases_smoothed_per_million, new_deaths_smoothed_per_million, reproduction_rate","[,  ,  ,  , 5,  ,  ,  ,  , 5,  ,  ,  ,  , 5,  ,  ,  ,  , 5,  , 1, 6, 7, 4, ]"
Morocco,1674,2020-01-05,2024-08-04,67,41,"new_cases_smoothed, new_deaths_smoothed, new_cases_smoothed_per_million, new_deaths_smoothed_per_million, reproduction_rate","[,  ,  , 5,  ,  ,  , 5,  ,  ,  , 5,  ,  ,  , 5,  , 6, 5, 8, ]"
Mozambique,1674,2020-01-05,2024-08-04,67,40,"new_cases_smoothed, new_deaths_smoothed, new_cases_smoothed_per_million, new_deaths_smoothed_per_million, reproduction_rate","[,  ,  , 5,  ,  ,  , 5,  ,  ,  , 5,  ,  ,  , 5,  , 7, 0, 8, ]"
Myanmar,1674,2020-01-05,2024-08-04,67,40,"new_cases_smoothed, new_deaths_smoothed, new_cases_smoothed_per_million, new_deaths_smoothed_per_million, reproduction_rate","[,  ,  , 5,  ,  ,  , 5,  ,  ,  , 5,  ,  ,  , 5,  , 6, 8, 6, ]"
Namibia,1674,2020-01-05,2024-08-04,67,41,"new_cases_smoothed, new_deaths_smoothed, new_cases_smoothed_per_million, new_deaths_smoothed_per_million, reproduction_rate","[,  ,  , 5,  ,  ,  , 5,  ,  ,  , 5,  ,  ,  , 5,  , 7, 5, 3, ]"
Nauru,1674,2020-01-05,2024-08-04,67,47,"new_cases_smoothed, new_deaths_smoothed, new_cases_smoothed_per_million, new_deaths_smoothed_per_million, reproduction_rate","[,  ,  ,  , 5,  ,  ,  ,  , 5,  ,  ,  ,  , 5,  ,  ,  ,  , 5,  , 1, 4, 7, 8, ]"
Nepal,1674,2020-01-05,2024-08-04,67,40,"new_cases_smoothed, new_deaths_smoothed, new_cases_smoothed_per_million, new_deaths_smoothed_per_million, reproduction_rate","[,  ,  , 5,  ,  ,  , 5,  ,  ,  , 5,  ,  ,  , 5,  , 7, 0, 4, ]"
Netherlands,1674,2020-01-05,2024-08-04,67,42,"new_cases_smoothed, new_deaths_smoothed, new_cases_smoothed_per_million, new_deaths_smoothed_per_million, reproduction_rate","[,  ,  , 5,  ,  ,  , 5,  ,  ,  , 5,  ,  ,  , 5,  , 6, 4, 1, ]"
New Caledonia,1674,2020-01-05,2024-08-04,67,48,"new_cases_smoothed, new_deaths_smoothed, new_cases_smoothed_per_million, new_deaths_smoothed_per_million, reproduction_rate","[,  ,  ,  , 5,  ,  ,  ,  , 5,  ,  ,  ,  , 5,  ,  ,  ,  , 5,  , 1, 6, 7, 4, ]"
New Zealand,1681,2020-01-05,2024-08-11,67,50,"total_cases, new_cases, new_cases_smoothed, total_deaths, new_deaths","[,  , 7,  ,  , 7,  , 1, 2,  ,  , 7,  ,  , 7, ]"
Nicaragua,1674,2020-01-05,2024-08-04,67,43,"new_cases_smoothed, new_deaths_smoothed, new_cases_smoothed_per_million, new_deaths_smoothed_per_million, reproduction_rate","[,  ,  , 5,  ,  ,  , 5,  ,  ,  , 5,  ,  ,  , 5,  , 7, 1, 8, ]"
Niger,1674,2020-01-05,2024-08-04,67,40,"new_cases_smoothed, new_deaths_smoothed, new_cases_smoothed_per_million, new_deaths_smoothed_per_million, reproduction_rate","[,  ,  , 5,  ,  ,  , 5,  ,  ,  , 5,  ,  ,  , 5,  , 6, 7, 0, ]"
Nigeria,1674,2020-01-05,2024-08-04,67,42,"new_cases_smoothed, new_deaths_smoothed, new_cases_smoothed_per_million, new_deaths_smoothed_per_million, reproduction_rate","[,  ,  , 5,  ,  ,  , 5,  ,  ,  , 5,  ,  ,  , 5,  , 6, 6, 5, ]"
Niue,1674,2020-01-05,2024-08-04,67,53,"new_cases_smoothed, new_deaths_smoothed, new_cases_smoothed_per_million, new_deaths_smoothed_per_million, reproduction_rate","[,  ,  ,  , 5,  ,  ,  ,  , 5,  ,  ,  ,  , 5,  ,  ,  ,  , 5,  , 1, 6, 7, 4, ]"
North America,1674,2020-01-05,2024-08-04,67,55,"continent, new_cases_smoothed, new_deaths_smoothed, new_cases_smoothed_per_million, new_deaths_smoothed_per_million","[, 1, 6, 7, 4,  ,  ,  ,  , 5,  ,  ,  ,  , 5,  ,  ,  ,  , 5,  ,  ,  ,  , 5, ]"
North Korea,1674,2020-01-05,2024-08-04,67,46,"new_cases_smoothed, new_deaths_smoothed, new_cases_smoothed_per_million, new_deaths_smoothed_per_million, reproduction_rate","[,  ,  ,  , 5,  ,  ,  ,  , 5,  ,  ,  ,  , 5,  ,  ,  ,  , 5,  , 1, 6, 7, 4, ]"
North Macedonia,1674,2020-01-05,2024-08-04,67,43,"new_cases_smoothed, new_deaths_smoothed, new_cases_smoothed_per_million, new_deaths_smoothed_per_million, reproduction_rate","[,  ,  , 5,  ,  ,  , 5,  ,  ,  , 5,  ,  ,  , 5,  , 6, 5, 8, ]"
Northern Cyprus,691,2021-01-14,2022-12-06,67,62,"total_cases, new_cases, new_cases_smoothed, total_deaths, new_deaths","[, 6, 9, 1,  , 6, 9, 1,  , 6, 9, 1,  , 6, 9, 1,  , 6, 9, 1, ]"
Northern Ireland,1372,2020-03-10,2023-12-11,67,60,"total_cases, new_cases, new_cases_smoothed, total_deaths, new_deaths","[, 1, 3, 7, 2,  , 1, 3, 7, 2,  , 1, 3, 7, 2,  , 1, 3, 7, 2,  , 1, 3, 7, 2, ]"
Northern Mariana Islands,1674,2020-01-05,2024-08-04,67,51,"new_cases_smoothed, new_deaths_smoothed, new_cases_smoothed_per_million, new_deaths_smoothed_per_million, reproduction_rate","[,  ,  ,  , 5,  ,  ,  ,  , 5,  ,  ,  ,  , 5,  ,  ,  ,  , 5,  , 1, 6, 7, 4, ]"
Norway,1674,2020-01-05,2024-08-04,67,41,"new_cases_smoothed, new_deaths_smoothed, new_cases_smoothed_per_million, new_deaths_smoothed_per_million, reproduction_rate","[,  ,  , 5,  ,  ,  , 5,  ,  ,  , 5,  ,  ,  , 5,  , 6, 4, 2, ]"
Oceania,1681,2020-01-05,2024-08-11,67,63,"continent, total_cases, new_cases, new_cases_smoothed, total_deaths","[, 1, 6, 8, 1,  ,  ,  ,  , 7,  ,  ,  ,  , 7,  ,  ,  , 1, 2,  ,  ,  ,  , 7, ]"
Oman,1674,2020-01-05,2024-08-04,67,41,"new_cases_smoothed, new_deaths_smoothed, new_cases_smoothed_per_million, new_deaths_smoothed_per_million, reproduction_rate","[,  ,  , 5,  ,  ,  , 5,  ,  ,  , 5,  ,  ,  , 5,  , 6, 6, 2, ]"
Pakistan,1674,2020-01-05,2024-08-04,67,40,"new_cases_smoothed, new_deaths_smoothed, new_cases_smoothed_per_million, new_deaths_smoothed_per_million, reproduction_rate","[,  ,  , 5,  ,  ,  , 5,  ,  ,  , 5,  ,  ,  , 5,  , 6, 5, 1, ]"
Palau,1674,2020-01-05,2024-08-04,67,48,"new_cases, new_cases_smoothed, new_deaths_smoothed, new_cases_per_million, new_cases_smoothed_per_million","[, 1,  , 6,  , 5,  , 1,  , 6, ]"
Palestine,1674,2020-01-05,2024-08-04,67,44,"new_cases_smoothed, new_deaths_smoothed, new_cases_smoothed_per_million, new_deaths_smoothed_per_million, reproduction_rate","[,  ,  , 5,  ,  ,  , 5,  ,  ,  , 5,  ,  ,  , 5,  , 6, 6, 5, ]"
Panama,1674,2020-01-05,2024-08-04,67,43,"new_cases_smoothed, new_deaths, new_deaths_smoothed, new_cases_smoothed_per_million, new_deaths_per_million","[, 5,  , 1,  , 6,  , 5,  , 1, ]"
Papua New Guinea,1674,2020-01-05,2024-08-04,67,45,"new_cases_smoothed, new_deaths, new_deaths_smoothed, new_cases_smoothed_per_million, new_deaths_per_million","[, 5,  , 1,  , 6,  , 5,  , 1, ]"
Paraguay,1674,2020-01-05,2024-08-04,67,40,"new_cases_smoothed, new_deaths_smoothed, new_cases_smoothed_per_million, new_deaths_smoothed_per_million, reproduction_rate","[,  ,  , 5,  ,  ,  , 5,  ,  ,  , 5,  ,  ,  , 5,  , 6, 7, 1, ]"
Peru,1674,2020-01-05,2024-08-04,67,42,"new_cases_smoothed, new_deaths_smoothed, new_cases_smoothed_per_million, new_deaths_smoothed_per_million, reproduction_rate","[,  ,  , 5,  ,  ,  , 5,  ,  ,  , 5,  ,  ,  , 5,  , 6, 5, 3, ]"
Philippines,1674,2020-01-05,2024-08-04,67,43,"new_cases, new_cases_smoothed, new_deaths_smoothed, new_cases_per_million, new_cases_smoothed_per_million","[, 1,  , 6,  , 5,  , 1,  , 6, ]"
Pitcairn,1674,2020-01-05,2024-08-04,67,54,"new_cases_smoothed, new_deaths_smoothed, new_cases_smoothed_per_million, new_deaths_smoothed_per_million, reproduction_rate","[,  ,  ,  , 5,  ,  ,  ,  , 5,  ,  ,  ,  , 5,  ,  ,  ,  , 5,  , 1, 6, 7, 4, ]"
Poland,1674,2020-01-05,2024-08-04,67,42,"new_cases_smoothed, new_deaths_smoothed, new_cases_smoothed_per_million, new_deaths_smoothed_per_million, reproduction_rate","[,  ,  , 5,  ,  ,  , 5,  ,  ,  , 5,  ,  ,  , 5,  , 6, 5, 0, ]"
Portugal,1674,2020-01-05,2024-08-04,67,41,"new_cases_smoothed, new_deaths_smoothed, new_cases_smoothed_per_million, new_deaths_smoothed_per_million, reproduction_rate","[,  ,  , 5,  ,  ,  , 5,  ,  ,  , 5,  ,  ,  , 5,  , 6, 4, 9, ]"
Puerto Rico,1674,2020-01-05,2024-08-04,67,46,"new_cases_smoothed, new_deaths_smoothed, new_cases_smoothed_per_million, new_deaths_smoothed_per_million, reproduction_rate","[,  ,  ,  , 5,  ,  ,  ,  , 5,  ,  ,  ,  , 5,  ,  ,  ,  , 5,  , 1, 6, 7, 4, ]"
Qatar,1674,2020-01-05,2024-08-04,67,42,"new_cases_smoothed, new_deaths_smoothed, new_cases_smoothed_per_million, new_deaths_smoothed_per_million, reproduction_rate","[,  ,  , 5,  ,  ,  , 5,  ,  ,  , 5,  ,  ,  , 5,  , 6, 4, 7, ]"
Reunion,1674,2020-01-05,2024-08-04,67,53,"new_cases_smoothed, new_deaths, new_deaths_smoothed, new_cases_smoothed_per_million, new_deaths_per_million","[, 5,  , 1,  , 6,  , 5,  , 1, ]"
Romania,1674,2020-01-05,2024-08-04,67,41,"new_cases_smoothed, new_deaths_smoothed, new_cases_smoothed_per_million, new_deaths_smoothed_per_million, reproduction_rate","[,  ,  , 5,  ,  ,  , 5,  ,  ,  , 5,  ,  ,  , 5,  , 6, 5, 0, ]"
Russia,1674,2020-01-05,2024-08-04,67,41,"new_cases_smoothed, new_deaths_smoothed, new_cases_smoothed_per_million, new_deaths_smoothed_per_million, reproduction_rate","[,  ,  , 5,  ,  ,  , 5,  ,  ,  , 5,  ,  ,  , 5,  , 6, 5, 3, ]"
Rwanda,1674,2020-01-05,2024-08-04,67,41,"new_cases_smoothed, new_deaths_smoothed, new_cases_smoothed_per_million, new_deaths_smoothed_per_million, reproduction_rate","[,  ,  , 5,  ,  ,  , 5,  ,  ,  , 5,  ,  ,  , 5,  , 6, 7, 1, ]"
Saint Barthelemy,1674,2020-01-05,2024-08-04,67,54,"new_cases_smoothed, new_deaths_smoothed, new_cases_smoothed_per_million, new_deaths_smoothed_per_million, reproduction_rate","[,  ,  ,  , 5,  ,  ,  ,  , 5,  ,  ,  ,  , 5,  ,  ,  ,  , 5,  , 1, 6, 7, 4, ]"
Saint Helena,1674,2020-01-05,2024-08-04,67,53,"new_cases_smoothed, new_deaths_smoothed, new_cases_smoothed_per_million, new_deaths_smoothed_per_million, reproduction_rate","[,  ,  ,  , 5,  ,  ,  ,  , 5,  ,  ,  ,  , 5,  ,  ,  ,  , 5,  , 1, 6, 7, 4, ]"
Saint Kitts and Nevis,1674,2020-01-05,2024-08-04,67,48,"new_cases_smoothed, new_deaths_smoothed, new_cases_smoothed_per_million, new_deaths_smoothed_per_million, reproduction_rate","[,  ,  ,  , 5,  ,  ,  ,  , 5,  ,  ,  ,  , 5,  ,  ,  ,  , 5,  , 1, 1, 0, 5, ]"
Saint Lucia,1674,2020-01-05,2024-08-04,67,43,"new_cases_smoothed, new_deaths_smoothed, new_cases_smoothed_per_million, new_deaths_smoothed_per_million, reproduction_rate","[,  ,  , 5,  ,  ,  , 5,  ,  ,  , 5,  ,  ,  , 5,  , 8, 8, 5, ]"
Saint Martin (French part),1674,2020-01-05,2024-08-04,67,52,"new_cases_smoothed, new_deaths_smoothed, new_cases_smoothed_per_million, new_deaths_smoothed_per_million, reproduction_rate","[,  ,  ,  , 5,  ,  ,  ,  , 5,  ,  ,  ,  , 5,  ,  ,  ,  , 5,  , 1, 6, 7, 4, ]"
Saint Pierre and Miquelon,1674,2020-01-05,2024-08-04,67,53,"new_cases_smoothed, new_deaths_smoothed, new_cases_smoothed_per_million, new_deaths_smoothed_per_million, reproduction_rate","[,  ,  ,  , 5,  ,  ,  ,  , 5,  ,  ,  ,  , 5,  ,  ,  ,  , 5,  , 1, 6, 7, 4, ]"
Saint Vincent and the Grenadines,1674,2020-01-05,2024-08-04,67,44,"new_cases_smoothed, new_deaths_smoothed, new_cases_smoothed_per_million, new_deaths_smoothed_per_million, reproduction_rate","[,  ,  , 5,  ,  ,  , 5,  ,  ,  , 5,  ,  ,  , 5,  , 9, 2, 7, ]"
Samoa,1674,2020-01-05,2024-08-04,67,45,"new_cases, new_cases_smoothed, new_deaths_smoothed, new_cases_per_million, new_cases_smoothed_per_million","[, 1,  , 6,  , 5,  , 1,  , 6, ]"
San Marino,1674,2020-01-05,2024-08-04,67,49,"new_cases_smoothed, new_deaths_smoothed, new_cases_smoothed_per_million, new_deaths_smoothed_per_million, reproduction_rate","[,  ,  , 5,  ,  ,  , 5,  ,  ,  , 5,  ,  ,  , 5,  , 6, 5, 3, ]"
Sao Tome and Principe,1674,2020-01-05,2024-08-04,67,42,"new_cases_smoothed, new_deaths_smoothed, new_cases_smoothed_per_million, new_deaths_smoothed_per_million, reproduction_rate","[,  ,  , 5,  ,  ,  , 5,  ,  ,  , 5,  ,  ,  , 5,  , 7, 0, 2, ]"
Saudi Arabia,1674,2020-01-05,2024-08-04,67,42,"new_cases_smoothed, new_deaths_smoothed, new_cases_smoothed_per_million, new_deaths_smoothed_per_million, reproduction_rate","[,  ,  , 5,  ,  ,  , 5,  ,  ,  , 5,  ,  ,  , 5,  , 6, 5, 0, ]"
Scotland,1305,2020-03-07,2023-10-02,67,62,"total_cases, new_cases, new_cases_smoothed, total_deaths, new_deaths","[, 1, 3, 0, 5,  , 1, 3, 0, 5,  , 1, 3, 0, 5,  , 1, 3, 0, 5,  , 1, 3, 0, 5, ]"
Senegal,1674,2020-01-05,2024-08-04,67,41,"new_cases_smoothed, new_deaths_smoothed, new_cases_smoothed_per_million, new_deaths_smoothed_per_million, reproduction_rate","[,  ,  , 5,  ,  ,  , 5,  ,  ,  , 5,  ,  ,  , 5,  , 6, 6, 2, ]"
Serbia,1674,2020-01-05,2024-08-04,67,42,"new_cases_smoothed, new_deaths_smoothed, new_cases_smoothed_per_million, new_deaths_smoothed_per_million, reproduction_rate","[,  ,  , 5,  ,  ,  , 5,  ,  ,  , 5,  ,  ,  , 5,  , 6, 5, 5, ]"
Seychelles,1674,2020-01-05,2024-08-04,67,41,"new_cases_smoothed, new_deaths_smoothed, new_cases_smoothed_per_million, new_deaths_smoothed_per_million, reproduction_rate","[,  ,  , 5,  ,  ,  , 5,  ,  ,  , 5,  ,  ,  , 5,  , 7, 6, 8, ]"
Sierra Leone,1674,2020-01-05,2024-08-04,67,43,"new_cases_smoothed, new_deaths, new_deaths_smoothed, new_cases_smoothed_per_million, new_deaths_per_million","[, 5,  , 1,  , 6,  , 5,  , 1, ]"
Singapore,1674,2020-01-05,2024-08-04,67,42,"new_cases_smoothed, new_deaths_smoothed, new_cases_smoothed_per_million, new_deaths_smoothed_per_million, reproduction_rate","[,  ,  , 5,  ,  ,  , 5,  ,  ,  , 5,  ,  ,  , 5,  , 6, 3, 6, ]"
Sint Maarten (Dutch part),1674,2020-01-05,2024-08-04,67,53,"new_cases, new_cases_smoothed, new_deaths_smoothed, new_cases_per_million, new_cases_smoothed_per_million","[, 1,  , 6,  , 5,  , 1,  , 6, ]"
Slovakia,1674,2020-01-05,2024-08-04,67,41,"new_cases_smoothed, new_deaths_smoothed, new_cases_smoothed_per_million, new_deaths_smoothed_per_million, reproduction_rate","[,  ,  , 5,  ,  ,  , 5,  ,  ,  , 5,  ,  ,  , 5,  , 6, 5, 5, ]"
Slovenia,1674,2020-01-05,2024-08-04,67,42,"new_cases_smoothed, new_deaths_smoothed, new_cases_smoothed_per_million, new_deaths_smoothed_per_million, reproduction_rate","[,  ,  , 5,  ,  ,  , 5,  ,  ,  , 5,  ,  ,  , 5,  , 6, 4, 9, ]"
Solomon Islands,1674,2020-01-05,2024-08-04,67,42,"new_cases_smoothed, new_deaths_smoothed, new_cases_smoothed_per_million, new_deaths_smoothed_per_million, reproduction_rate","[,  ,  ,  , 5,  ,  ,  ,  , 5,  ,  ,  ,  , 5,  ,  ,  ,  , 5,  , 1, 3, 2, 9, ]"
Somalia,1674,2020-01-05,2024-08-04,67,45,"new_cases_smoothed, new_deaths_smoothed, new_cases_smoothed_per_million, new_deaths_smoothed_per_million, reproduction_rate","[,  ,  , 5,  ,  ,  , 5,  ,  ,  , 5,  ,  ,  , 5,  , 6, 8, 4, ]"
South Africa,1674,2020-01-05,2024-08-04,67,40,"new_cases_smoothed, new_deaths_smoothed, new_cases_smoothed_per_million, new_deaths_smoothed_per_million, reproduction_rate","[,  ,  , 5,  ,  ,  , 5,  ,  ,  , 5,  ,  ,  , 5,  , 6, 5, 4, ]"
South America,1674,2020-01-05,2024-08-04,67,55,"continent, new_cases_smoothed, new_deaths_smoothed, new_cases_smoothed_per_million, new_deaths_smoothed_per_million","[, 1, 6, 7, 4,  ,  ,  ,  , 5,  ,  ,  ,  , 5,  ,  ,  ,  , 5,  ,  ,  ,  , 5, ]"
South Korea,1674,2020-01-05,2024-08-04,67,41,"new_cases_smoothed, new_deaths_smoothed, new_cases_smoothed_per_million, new_deaths_smoothed_per_million, reproduction_rate","[,  ,  , 5,  ,  ,  , 5,  ,  ,  , 5,  ,  ,  , 5,  , 6, 2, 7, ]"
South Sudan,1674,2020-01-05,2024-08-04,67,46,"new_cases_smoothed, new_deaths_smoothed, new_cases_smoothed_per_million, new_deaths_smoothed_per_million, reproduction_rate","[,  ,  , 5,  ,  ,  , 5,  ,  ,  , 5,  ,  ,  , 5,  , 7, 0, 5, ]"
Spain,1674,2020-01-05,2024-08-04,67,45,"new_cases, new_cases_smoothed, new_deaths, new_deaths_smoothed, new_cases_per_million","[, 3, 9, 2,  , 3, 9, 7,  , 3, 9, 2,  , 3, 9, 7,  , 3, 9, 2, ]"
Sri Lanka,1674,2020-01-05,2024-08-04,67,41,"new_cases_smoothed, new_deaths_smoothed, new_cases_smoothed_per_million, new_deaths_smoothed_per_million, reproduction_rate","[,  ,  , 5,  ,  ,  , 5,  ,  ,  , 5,  ,  ,  , 5,  , 6, 6, 0, ]"
Sudan,1674,2020-01-05,2024-08-04,67,43,"new_cases_smoothed, new_deaths_smoothed, new_cases_smoothed_per_million, new_deaths_smoothed_per_million, reproduction_rate","[,  ,  , 5,  ,  ,  , 5,  ,  ,  , 5,  ,  ,  , 5,  , 6, 8, 8, ]"
Suriname,1674,2020-01-05,2024-08-04,67,41,"new_cases_smoothed, new_deaths_smoothed, new_cases_smoothed_per_million, new_deaths_smoothed_per_million, reproduction_rate","[,  ,  , 5,  ,  ,  , 5,  ,  ,  , 5,  ,  ,  , 5,  , 7, 3, 4, ]"
Sweden,1674,2020-01-05,2024-08-04,67,41,"new_cases_smoothed, new_deaths_smoothed, new_cases_smoothed_per_million, new_deaths_smoothed_per_million, reproduction_rate","[,  ,  , 5,  ,  ,  , 5,  ,  ,  , 5,  ,  ,  , 5,  , 6, 4, 2, ]"
Switzerland,1674,2020-01-05,2024-08-04,67,42,"new_cases_smoothed, new_deaths_smoothed, new_cases_smoothed_per_million, new_deaths_smoothed_per_million, reproduction_rate","[,  ,  , 5,  ,  ,  , 5,  ,  ,  , 5,  ,  ,  , 5,  , 6, 4, 1, ]"
Syria,1674,2020-01-05,2024-08-04,67,47,"new_cases_smoothed, new_deaths_smoothed, new_cases_smoothed_per_million, new_deaths_smoothed_per_million, reproduction_rate","[,  ,  , 5,  ,  ,  , 5,  ,  ,  , 5,  ,  ,  , 5,  , 7, 2, 2, ]"
Taiwan,1348,2020-01-16,2023-09-24,67,58,"total_cases, new_cases, new_cases_smoothed, total_deaths, new_deaths","[, 1, 3, 4, 8,  , 1, 3, 4, 8,  , 1, 3, 4, 8,  , 1, 3, 4, 8,  , 1, 3, 4, 8, ]"
Tajikistan,1674,2020-01-05,2024-08-04,67,42,"new_cases_smoothed, new_deaths_smoothed, new_cases_smoothed_per_million, new_deaths_smoothed_per_million, reproduction_rate","[,  ,  , 5,  ,  ,  , 5,  ,  ,  , 5,  ,  ,  , 5,  , 7, 0, 1, ]"
Tanzania,1674,2020-01-05,2024-08-04,67,40,"new_cases_smoothed, new_deaths_smoothed, new_cases_smoothed_per_million, new_deaths_smoothed_per_million, reproduction_rate","[,  ,  , 5,  ,  ,  , 5,  ,  ,  , 5,  ,  ,  , 5,  , 6, 8, 4, ]"
Thailand,1675,2020-01-04,2024-08-04,67,48,"total_cases, new_cases, new_cases_smoothed, total_deaths, new_deaths","[, 1,  , 2,  , 7,  , 1,  , 2, ]"
Togo,1674,2020-01-05,2024-08-04,67,40,"new_cases_smoothed, new_deaths_smoothed, new_cases_smoothed_per_million, new_deaths_smoothed_per_million, reproduction_rate","[,  ,  , 5,  ,  ,  , 5,  ,  ,  , 5,  ,  ,  , 5,  , 6, 9, 6, ]"
Tokelau,1674,2020-01-05,2024-08-04,67,53,"new_cases_smoothed, new_deaths_smoothed, new_cases_smoothed_per_million, new_deaths_smoothed_per_million, reproduction_rate","[,  ,  ,  , 5,  ,  ,  ,  , 5,  ,  ,  ,  , 5,  ,  ,  ,  , 5,  , 1, 6, 7, 4, ]"
Tonga,1674,2020-01-05,2024-08-04,67,42,"new_cases_smoothed, new_deaths_smoothed, new_cases_smoothed_per_million, new_deaths_smoothed_per_million, reproduction_rate","[,  ,  ,  , 5,  ,  ,  ,  , 5,  ,  ,  ,  , 5,  ,  ,  ,  , 5,  , 1, 3, 5, 1, ]"
Trinidad and Tobago,1674,2020-01-05,2024-08-04,67,43,"new_cases_smoothed, new_deaths_smoothed, new_cases_smoothed_per_million, new_deaths_smoothed_per_million, reproduction_rate","[,  ,  , 5,  ,  ,  , 5,  ,  ,  , 5,  ,  ,  , 5,  , 6, 7, 1, ]"
Tunisia,1674,2020-01-05,2024-08-04,67,40,"new_cases_smoothed, new_deaths_smoothed, new_cases_smoothed_per_million, new_deaths_smoothed_per_million, reproduction_rate","[,  ,  , 5,  ,  ,  , 5,  ,  ,  , 5,  ,  ,  , 5,  , 6, 6, 0, ]"
Turkey,1674,2020-01-05,2024-08-04,67,41,"new_cases_smoothed, new_deaths_smoothed, new_cases_smoothed_per_million, new_deaths_smoothed_per_million, reproduction_rate","[,  ,  , 5,  ,  ,  , 5,  ,  ,  , 5,  ,  ,  , 5,  , 6, 5, 5, ]"
Turkmenistan,1674,2020-01-05,2024-08-04,67,43,"new_cases_smoothed, new_deaths_smoothed, new_cases_smoothed_per_million, new_deaths_smoothed_per_million, reproduction_rate","[,  ,  ,  , 5,  ,  ,  ,  , 5,  ,  ,  ,  , 5,  ,  ,  ,  , 5,  , 1, 6, 7, 4, ]"
Turks and Caicos Islands,1674,2020-01-05,2024-08-04,67,52,"new_cases_smoothed, new_deaths_smoothed, new_cases_smoothed_per_million, new_deaths_smoothed_per_million, reproduction_rate","[,  ,  ,  , 5,  ,  ,  ,  , 5,  ,  ,  ,  , 5,  ,  ,  ,  , 5,  , 1, 6, 7, 4, ]"
Tuvalu,1674,2020-01-05,2024-08-04,67,49,"new_cases_smoothed, new_deaths_smoothed, new_cases_smoothed_per_million, new_deaths_smoothed_per_million, reproduction_rate","[,  ,  ,  , 5,  ,  ,  ,  , 5,  ,  ,  ,  , 5,  ,  ,  ,  , 5,  , 1, 6, 1, 6, ]"
Uganda,1674,2020-01-05,2024-08-04,67,40,"new_cases_smoothed, new_deaths_smoothed, new_cases_smoothed_per_million, new_deaths_smoothed_per_million, reproduction_rate","[,  ,  , 5,  ,  ,  , 5,  ,  ,  , 5,  ,  ,  , 5,  , 7, 0, 3, ]"
Ukraine,1674,2020-01-05,2024-08-04,67,41,"new_cases_smoothed, new_deaths_smoothed, new_cases_smoothed_per_million, new_deaths_smoothed_per_million, reproduction_rate","[,  ,  , 5,  ,  ,  , 5,  ,  ,  , 5,  ,  ,  , 5,  , 6, 6, 1, ]"
United Arab Emirates,1674,2020-01-05,2024-08-04,67,42,"new_cases_smoothed, new_deaths_smoothed, new_cases_smoothed_per_million, new_deaths_smoothed_per_million, reproduction_rate","[,  ,  , 5,  ,  ,  , 5,  ,  ,  , 5,  ,  ,  , 5,  , 6, 5, 4, ]"
United Kingdom,1674,2020-01-05,2024-08-04,67,41,"new_cases_smoothed, new_deaths_smoothed, new_cases_smoothed_per_million, new_deaths_smoothed_per_million, reproduction_rate","[,  ,  , 5,  ,  ,  , 5,  ,  ,  , 5,  ,  ,  , 5,  , 6, 3, 8, ]"
United States,1674,2020-01-05,2024-08-04,67,43,"new_cases, new_cases_smoothed, new_deaths_smoothed, new_cases_per_million, new_cases_smoothed_per_million","[, 4, 4, 2,  , 4, 4, 7,  ,  ,  , 5,  , 4, 4, 2,  , 4, 4, 7, ]"
United States Virgin Islands,1674,2020-01-05,2024-08-04,67,49,"new_cases, new_cases_smoothed, new_deaths_smoothed, new_cases_per_million, new_cases_smoothed_per_million","[, 1,  , 6,  , 5,  , 1,  , 6, ]"
Upper-middle-income countries,3013,2020-01-05,2024-08-14,67,63,"continent, total_cases, new_cases, new_cases_smoothed, total_deaths","[, 3, 0, 1, 3,  , 1, 3, 3, 9,  , 1, 3, 3, 9,  , 1, 3, 4, 4,  , 1, 3, 3, 9, ]"
Uruguay,1674,2020-01-05,2024-08-04,67,41,"new_cases_smoothed, new_deaths_smoothed, new_cases_smoothed_per_million, new_deaths_smoothed_per_million, reproduction_rate","[,  ,  , 5,  ,  ,  , 5,  ,  ,  , 5,  ,  ,  , 5,  , 6, 5, 6, ]"
Uzbekistan,1674,2020-01-05,2024-08-04,67,42,"new_cases_smoothed, new_deaths_smoothed, new_cases_smoothed_per_million, new_deaths_smoothed_per_million, reproduction_rate","[,  ,  , 5,  ,  ,  , 5,  ,  ,  , 5,  ,  ,  , 5,  , 6, 6, 4, ]"
Vanuatu,1674,2020-01-05,2024-08-04,67,41,"new_cases_smoothed, new_deaths_smoothed, new_cases_smoothed_per_million, new_deaths_smoothed_per_million, reproduction_rate","[,  ,  ,  , 5,  ,  ,  ,  , 5,  ,  ,  ,  , 5,  ,  ,  ,  , 5,  , 1, 3, 7, 6, ]"
Vatican,1674,2020-01-05,2024-08-04,67,53,"new_cases_smoothed, new_deaths_smoothed, new_cases_smoothed_per_million, new_deaths_smoothed_per_million, reproduction_rate","[,  ,  ,  , 5,  ,  ,  ,  , 5,  ,  ,  ,  , 5,  ,  ,  ,  , 5,  , 1, 6, 7, 4, ]"
Venezuela,1674,2020-01-05,2024-08-04,67,44,"new_cases_smoothed, new_deaths_smoothed, new_cases_smoothed_per_million, new_deaths_smoothed_per_million, reproduction_rate","[,  ,  , 5,  ,  ,  , 5,  ,  ,  , 5,  ,  ,  , 5,  , 6, 6, 2, ]"
Vietnam,1674,2020-01-05,2024-08-04,67,40,"new_cases_smoothed, new_deaths_smoothed, new_cases_smoothed_per_million, new_deaths_smoothed_per_million, reproduction_rate","[,  ,  , 5,  ,  ,  , 5,  ,  ,  , 5,  ,  ,  , 5,  , 6, 5, 8, ]"
Wales,1198,2020-04-01,2023-07-12,67,58,"total_cases, new_cases, new_cases_smoothed, total_deaths, new_deaths","[, 1, 1, 9, 8,  , 1, 1, 9, 8,  , 1, 1, 9, 8,  , 1, 1, 9, 8,  , 1, 1, 9, 8, ]"
Wallis and Futuna,1674,2020-01-05,2024-08-04,67,53,"new_cases_smoothed, new_deaths_smoothed, new_cases_smoothed_per_million, new_deaths_smoothed_per_million, reproduction_rate","[,  ,  ,  , 5,  ,  ,  ,  , 5,  ,  ,  ,  , 5,  ,  ,  ,  , 5,  , 1, 6, 7, 4, ]"
Western Sahara,1,2022-04-20,2022-04-20,67,56,"total_cases, new_cases, new_cases_smoothed, total_deaths, new_deaths","[, 1,  , 1,  , 1,  , 1,  , 1, ]"
World,1684,2020-01-05,2024-08-14,67,49,"continent, total_cases, new_cases, new_cases_smoothed, total_deaths","[, 1, 6, 8, 4,  ,  ,  , 1, 0,  ,  ,  , 1, 0,  ,  ,  , 1, 5,  ,  ,  , 1, 0, ]"
Yemen,1674,2020-01-05,2024-08-04,67,40,"new_cases_smoothed, new_deaths_smoothed, new_cases_smoothed_per_million, new_deaths_smoothed_per_million, reproduction_rate","[,  ,  , 5,  ,  ,  , 5,  ,  ,  , 5,  ,  ,  , 5,  , 7, 1, 2, ]"
Zambia,1674,2020-01-05,2024-08-04,67,40,"new_cases_smoothed, new_deaths_smoothed, new_cases_smoothed_per_million, new_deaths_smoothed_per_million, reproduction_rate","[,  ,  , 5,  ,  ,  , 5,  ,  ,  , 5,  ,  ,  , 5,  , 6, 9, 7, ]"
Zimbabwe,1674,2020-01-05,2024-08-04,67,42,"new_cases, new_cases_smoothed, new_deaths_smoothed, new_cases_per_million, new_cases_smoothed_per_million","[, 1,  , 6,  , 5,  , 1,  , 6, ]"
